,Embarked,sum,mean
0,C,3694.4839,21.355398265895953
1,Q,1177.296,10.327157894736843
2,S,13882.8445,17.867238738738738
