,Pclass,sum,mean
0,1,5756.0418,38.63115302013423
1,2,4859.6665,19.674763157894738
2,3,8138.9161,12.184006137724552
